threads,time_s,fps,val_acc
CPU-1,1107.6304313622156,24.17183288750984,95.79
CPU-2,717.35770828812589,37.002788130742466,95.79
CPU-4,571.10251544815086,46.55861796182737,95.79
CPU-8,550.86088644310512,48.284684538695785,95.79
GPU,21.399462576213091,1256.4621073465432,95.79