threads,time_s,fps,val_acc
CPU-1,2215.2608627116656,24.17183288750984,54.583333333333336
CPU-2,1434.7154165760003,37.002788130742466,56.81333333333333
CPU-4,1142.2050308963371,46.55861796182737,56.24666666666666
CPU-8,1101.7217728853328,48.284684538695785,57.376666666666665
GPU,42.798925152394572,1256.4621073465432,56.53666666666666